,PLAYER,BODY FAT,HEIGHT,STANDING REACH,WEIGHT,WINGSPAN
0,Jeff Adrien,7.90%,77.25,107.5,236.2,86.0
1,Jeff Ayres,5.50%,80.75,107.0,239.6,85.0
2,Rodrigue Beaubois,7.90%,73.25,100.0,182.4,81.75
3,DeJuan Blair,12.00%,77.25,106.5,276.6,86.0
4,Derrick Brown,8.60%,79.5,107.5,224.6,86.5
5,Chase Budinger,10.00%,78.25,101.0,206.4,79.0
6,DeMarre Carroll,6.30%,78.25,105.0,207.2,82.0
7,Omri Casspi,8.60%,79.75,106.5,211.2,81.25
8,Dionte Christmas,7.10%,76.25,102.5,210.8,81.0
9,Earl Clark,5.20%,80.5,109.5,228.4,86.5
10,Darren Collison,5.70%,72.25,96.5,166.2,75.0
11,Dante Cunningham,4.80%,79.0,106.5,227.4,83.0
12,Stephen Curry,5.70%,74.0,97.0,181.0,75.5
13,Austin Daye,5.50%,81.75,110.0,191.8,86.75
14,DeMar DeRozan,4.90%,77.5,102.5,211.2,81.0
15,Toney Douglas,5.20%,73.0,97.5,183.4,78.0
16,Wayne Ellington,5.50%,76.25,100.0,202.4,78.5
17,Tyreke Evans,7.10%,76.0,104.0,220.6,83.25
18,Jonny Flynn,6.30%,71.25,95.5,195.6,76.0
19,Taj Gibson,6.60%,80.5,109.0,214.4,88.0
20,Danny Green,5.60%,77.25,103.0,208.0,82.0
21,Blake Griffin,8.20%,80.5,105.0,248.4,83.25
22,Tyler Hansbrough,8.50%,80.25,106.0,234.2,83.5
23,James Harden,10.10%,76.0,103.5,222.0,82.75
24,Gerald Henderson,4.40%,76.0,102.5,214.6,82.25
25,Josh Heytvelt,10.80%,82.0,108.0,246.2,85.25
26,Jordan Hill,6.00%,81.25,108.0,232.4,85.5
27,Jrue Holiday,6.30%,75.25,100.5,199.0,79.0
28,Joe Ingles,10.10%,79.75,105.0,209.2,82.25
29,James Johnson,12.00%,79.0,105.5,257.2,84.75
30,Ty Lawson,6.60%,71.25,94.5,196.6,72.75
31,Eric Maynor,5.40%,74.25,97.0,163.6,74.5
32,Jack McClinton,6.20%,71.75,96.0,185.2,74.5
33,Jerel McNeal,5.40%,73.5,99.5,190.4,79.25
34,Jodie Meeks,8.00%,75.0,98.0,211.4,76.5
35,Patty Mills,6.90%,71.25,95.0,175.4,74.0
36,Byron Mullens,8.50%,83.75,111.0,258.2,85.5
37,A.J. Price,12.40%,72.5,97.0,192.8,75.75
38,Tyler Smith,7.00%,77.25,104.5,212.0,81.75
39,DaJuan Summers,6.60%,79.25,106.5,243.0,84.75
40,Jermaine Taylor,5.80%,75.5,101.0,207.4,80.75
41,Jeff Teague,4.50%,72.25,98.5,175.2,79.5
42,Hasheem Thabeet,6.70%,85.25,113.0,267.2,90.25
43,Marcus Thornton,4.80%,74.75,99.0,194.4,77.0
44,Terrence Williams,5.10%,77.0,103.5,213.2,81.0
45,Sam Young,4.90%,77.25,105.5,222.8,82.75
46,,,0.0,0.0,,0.0
47,Tony Allen,6.70%,75.5,102.0,214.0,81.0
48,Trevor Ariza,8.00%,79.0,107.5,201.0,86.0
49,Andre Barrett,6.70%,68.75,92.0,171.0,73.0
50,Brandon Bass,9.30%,78.25,106.5,246.0,86.5
51,Andris Biedrins,9.30%,0.0,0.0,-,0.0
52,Tony Bobbitt,7.30%,74.75,100.0,185.0,79.0
53,Brian Boddicker,11.20%,79.5,105.5,230.0,82.0
54,Tim Bowers,2.60%,72.5,98.0,181.0,81.0
55,Andre Brown,6.00%,80.0,107.0,236.0,83.0
56,Antonio Burks,9.90%,72.0,96.5,191.0,78.5
57,Jackie Butler,16.30%,80.0,109.0,263.0,85.5
58,Aleksandar Capin,9.30%,72.0,94.0,176.0,73.5
59,Ales Chan,14.80%,84.0,113.0,255.0,87.0
60,Josh Childress,9.30%,77.75,105.0,196.0,83.0
61,TJ Cummings,6.70%,79.5,106.5,215.0,81.5
62,Erik Daniels,18.50%,78.25,106.0,223.0,83.0
63,Luol Deng,6.70%,79.0,108.5,220.0,84.5
64,Marcus Douthit,13.70%,81.5,111.5,223.0,88.0
65,Chris Duhon,6.70%,72.0,98.0,193.0,78.5
66,John Edwards,14.10%,83.25,113.0,264.0,88.5
67,Andre Emmett,6.70%,75.5,100.0,216.0,81.0
68,Desmon Farmer,5.30%,76.5,103.0,214.0,80.5
69,Luis Flores,6.00%,72.5,98.5,202.0,79.5
70,Matt Freije,10.80%,80.25,108.5,234.0,85.0
71,Chris Garnett,14.80%,80.25,108.0,260.0,85.0
72,Ryan Gomes,-%,78.5,106.5,248.0,86.0
73,Ben Gordon,5.30%,73.0,99.0,192.0,80.5
74,Devin Harris,5.30%,73.75,98.5,170.0,79.5
75,Dwight Howard,10.50%,81.0,111.5,240.0,88.5
76,Rolando Howell,11.70%,79.5,107.0,229.0,84.5
77,Kris Humphries,6.70%,80.25,106.5,238.0,84.5
78,Andre Iguodala,6.70%,77.75,105.5,217.0,83.0
79,Martin Iti,10.50%,80.5,111.5,233.0,89.0
80,Luke Jackson,8.00%,78.0,103.0,212.0,80.5
81,Al Jefferson,10.50%,80.5,110.0,263.0,86.5
82,Arthur Johnson,16.30%,79.0,109.0,262.0,87.0
83,Ivan Koljevic,6.70%,73.0,95.0,172.0,74.5
84,Herve Lamizana,6.70%,79.5,107.0,210.0,85.5
85,Sergei Lishouk,10.50%,82.25,109.5,244.0,84.0
86,Shaun Livingston,6.70%,78.25,105.5,186.0,83.0
87,Jaime Lloreda,9.90%,78.75,107.0,247.0,81.5
88,Bryant Matthews,6.70%,77.75,105.5,206.0,84.5
89,Marcus Melvin,10.50%,78.75,105.5,241.0,84.0
90,Rich Melzer,12.40%,79.5,107.0,229.0,86.0
91,Ricky Minard,8.00%,75.25,101.5,198.0,79.0
92,James Moore,8.00%,78.5,107.0,198.0,84.5
93,Marcus Moore,14.80%,76.0,101.5,202.0,81.0
94,Michel Morandais,8.60%,75.75,102.0,205.0,83.5
95,Jameer Nelson,8.00%,71.0,95.0,199.0,74.5
96,Misan Nikagbatse,12.90%,75.5,102.0,223.0,82.0
97,Emeka Okafor,5.30%,80.75,110.5,257.0,88.0
98,Randall Orr,6.70%,81.0,107.5,193.0,82.5
99,Dylan Page,12.30%,79.5,105.0,239.0,79.0
100,Drago Pasalic,12.90%,81.25,108.0,231.0,83.5
101,Rickey Paulding,5.30%,74.75,101.5,210.0,81.5
102,Kelvin Pena,8.60%,74.25,99.5,182.0,78.5
103,Tim Pickett,6.00%,75.0,100.5,207.0,79.5
104,Omar Quintero,14.10%,69.75,92.5,170.0,71.5
105,Peter Ramos,6.70%,85.75,111.5,266.0,89.5
106,Jared Reiner,12.90%,82.0,109.0,246.0,84.5
107,Lawrence Roberts,9.30%,79.5,106.5,233.0,81.5
108,Bernard Robinson,6.00%,77.25,102.0,208.0,82.0
109,Nate Robinson,6.70%,67.75,91.5,181.0,73.0
110,Aerick Sanders,6.70%,78.5,106.0,205.0,83.5
111,Romain Sato,6.00%,74.0,102.5,204.0,83.0
112,Blagota Sekulic,9.30%,81.25,107.0,234.0,83.0
113,Josh Smith,6.70%,79.0,106.5,221.0,84.0
114,J.R. Smith,6.70%,77.5,104.0,227.0,82.0
115,Kirk Snyder,9.30%,78.0,104.0,228.0,81.0
116,Pape Sow,9.30%,80.5,108.5,233.0,86.0
117,Tiago Splitter,5.30%,82.25,109.5,233.0,86.0
118,Blake Stepp,8.00%,0.0,0.0,-,0.0
119,Tom Timmerrmans,15.20%,82.5,107.5,272.0,83.0
120,Marko Tomas,9.30%,78.5,103.5,198.0,79.0
121,Beno Udrih,9.30%,74.5,98.0,199.0,76.5
122,Jackson Vroman,6.70%,81.25,105.5,226.0,84.0
123,Delonte West,6.70%,73.5,99.5,183.0,78.0
124,Damien Wilkins,7.30%,76.5,106.0,222.0,84.0
125,Mike Williams,9.30%,77.5,105.5,197.0,83.5
126,Nate Williams,12.40%,80.5,109.5,240.0,85.5
127,Rashad Wright,8.00%,72.5,98.5,190.0,82.0
128,,,0.0,0.0,,0.0
129,Solomon Alabi,5.00%,83.5,113.0,237.4,89.0
130,Cole Aldrich,8.50%,81.0,111.5,236.0,88.75
131,Al-Farouq Aminu,8.20%,79.25,108.5,216.0,87.25
132,James Anderson,7.90%,76.75,104.0,207.6,80.5
133,Luke Babbitt,5.60%,79.5,104.5,217.8,83.25
134,Eric Bledsoe,5.60%,72.25,98.0,191.6,79.5
135,Trevor Booker,7.30%,78.25,106.0,235.8,81.75
136,Craig Brackins,7.90%,80.5,109.0,229.0,84.0
137,Avery Bradley,4.00%,74.0,98.5,180.4,79.25
138,Derrick Caracter,12.80%,80.25,107.5,280.0,84.25
139,Sherron Collins,9.20%,70.25,94.0,217.2,74.5
140,DeMarcus Cousins,16.40%,81.5,113.0,291.8,89.75
141,Jordan Crawford,4.90%,75.0,101.0,198.4,79.0
142,Ed Davis,10.00%,81.0,108.0,226.6,84.0
143,Devin Ebanks,7.90%,79.0,107.5,207.8,84.25
144,Derrick Favors,6.50%,80.75,110.0,245.2,88.0
145,Keith Gallon,15.10%,80.5,109.5,301.8,88.5
146,Charles Garcia,7.00%,80.25,107.5,231.6,85.75
147,Paul George,5.00%,79.75,107.0,214.4,83.25
148,Luke Harangody,11.10%,78.0,106.0,240.2,81.5
149,Manny Harris,3.80%,76.0,102.0,185.1,79.25
150,Gordon Hayward,6.90%,78.75,103.0,211.0,79.75
151,Lazar Hayward,7.50%,76.5,102.0,225.8,84.75
152,Xavier Henry,4.70%,77.25,105.0,210.2,83.25
153,Darington Hobson,6.20%,77.25,104.5,203.6,81.25
154,Damion James,9.60%,78.25,107.0,226.6,84.75
155,Wesley Johnson,4.60%,78.25,106.0,206.4,85.0
156,Armon Johnson,5.60%,74.0,99.5,195.2,80.0
157,Dominique Jones,5.90%,75.25,101.0,216.0,81.25
158,Jerome Jordan,6.90%,83.5,113.0,244.2,89.25
159,Sylven Landesberg,11.60%,76.75,100.5,210.0,81.0
160,Gani Lawal,6.30%,79.5,107.5,233.4,84.0
161,Greg Monroe,11.20%,81.75,108.5,246.6,86.25
162,Daniel Orton,13.80%,80.75,110.5,269.2,88.25
163,Artsiom Parakhouski,6.00%,82.25,109.5,268.2,85.0
164,Patrick Patterson,5.30%,80.0,107.0,239.6,85.25
165,Dexter Pittman,20.80%,81.5,111.0,302.6,90.0
166,Andy Rautins,6.20%,76.25,100.0,191.6,79.0
167,Ryan Richards,8.00%,82.5,110.0,230.2,85.5
168,Stanley Robinson,8.30%,78.5,107.5,213.2,84.0
169,Larry Sanders,4.60%,81.25,112.0,222.4,89.75
170,Jon Scheyer,5.40%,76.75,99.0,180.0,75.25
171,Lance Stephenson,9.30%,76.5,103.0,227.0,82.5
172,Mikhail Torrance,7.00%,76.0,103.0,208.8,79.5
173,Evan Turner,8.60%,77.75,103.5,213.8,80.0
174,Ekpe Udoh,8.00%,80.75,106.5,237.4,88.5
175,Jarvis Varnado,9.50%,80.25,109.5,210.2,87.5
176,Greivis Vasquez,8.60%,77.0,101.0,210.8,79.0
177,John Wall,5.60%,74.75,101.5,195.6,81.25
178,Willie Warren,7.60%,74.5,99.5,208.4,78.0
179,Terrico White,3.70%,75.75,101.0,202.6,81.0
180,Hassan Whiteside,5.50%,82.5,113.0,226.6,91.0
181,,,0.0,0.0,,0.0
182,Quincy Acy,7.10%,78.5,106.5,223.8,86.75
183,Harrison Barnes,9.60%,79.0,101.5,227.8,83.25
184,Will Barton,4.10%,77.0,102.5,174.4,81.75
185,Bradley Beal,6.00%,75.25,100.0,201.8,80.0
186,J'Covan Brown,12.50%,73.0,96.0,202.4,77.25
187,William Buford,11.30%,76.0,102.0,214.6,81.5
188,Jae Crowder,9.00%,76.75,99.5,241.2,81.25
189,Jared Cunningham,3.60%,75.5,98.0,187.6,78.5
190,Anthony Davis,7.90%,81.25,108.0,221.8,89.5
191,Marcus Denmon,6.60%,74.25,94.5,188.2,77.0
192,Andre Drummond,7.50%,81.75,109.5,278.6,90.25
193,Kim English,4.30%,76.5,98.0,192.0,78.5
194,Festus Ezeli,5.50%,81.75,108.0,264.2,89.75
195,Drew Gordon,9.10%,80.0,103.5,239.0,83.5
196,Draymond Green,11.30%,77.75,105.0,235.6,85.25
197,JaMychal Green,9.80%,80.0,106.5,217.4,86.25
198,Maurice Harkless,5.30%,79.25,102.5,206.6,84.0
199,John Henson,8.60%,81.0,112.0,216.0,89.0
200,Tu Holloway,8.50%,70.5,94.5,186.8,77.5
201,Robbie Hummel,9.40%,79.25,102.0,218.0,80.5
202,Bernard James,5.00%,80.75,108.5,229.8,87.0
203,John Jenkins,7.10%,75.25,98.0,212.0,80.5
204,Orlando Johnson,7.00%,75.75,99.0,223.8,83.25
205,Darius Johnson-Odom,7.00%,73.5,96.0,212.0,79.0
206,Terrence Jones,7.70%,80.25,107.0,252.0,86.25
207,Perry Jones,4.60%,82.25,107.0,233.8,85.75
208,Kevin Jones,11.20%,78.25,105.0,251.2,85.5
209,Kris Joseph,8.60%,78.0,104.0,215.0,83.0
210,Michael Kidd-Gilchrist,7.00%,77.75,104.5,232.8,84.0
211,Jeremy Lamb,4.50%,76.0,102.0,179.2,83.0
212,Doron Lamb,6.70%,75.25,98.5,199.4,78.75
213,Meyers Leonard,5.70%,83.75,108.0,249.8,87.0
214,Damian Lillard,5.90%,73.75,95.5,188.8,79.75
215,Scott Machado,5.80%,73.0,94.5,205.8,76.0
216,Kendall Marshall,7.80%,75.25,96.0,198.4,77.5
217,Fab Melo,9.20%,82.75,110.0,255.0,86.5
218,Khris Middleton,7.80%,78.75,103.0,216.2,82.75
219,Quincy Miller,7.80%,80.75,105.0,218.7,85.25
220,Darius Miller,7.50%,78.0,101.0,233.4,81.0
221,Tony Mitchell,5.70%,77.25,100.0,216.4,82.0
222,Arnett Moultrie,7.70%,81.5,106.5,232.8,86.25
223,Kevin Murphy,5.80%,77.0,99.0,194.0,78.75
224,Andrew Nicholson,7.60%,80.5,107.0,234.0,88.0
225,Kyle O'Quinn,8.00%,80.5,106.5,240.8,88.75
226,Miles Plumlee,11.40%,82.5,105.5,252.4,84.75
227,Austin Rivers,6.20%,75.5,96.5,202.8,79.25
228,Thomas Robinson,5.00%,79.75,106.0,244.2,87.25
229,Terrence Ross,3.20%,78.0,100.5,196.6,79.25
230,Tomas Satoransky,5.20%,78.5,100.0,200.6,79.25
231,Mike Scott,10.60%,79.25,104.0,240.8,82.75
232,Henry Sims,7.70%,82.0,108.0,241.2,88.0
233,Jared Sullinger,10.70%,79.75,105.5,268.2,85.25
234,Jordan Taylor,5.50%,73.0,92.5,192.8,75.0
235,Jeff Taylor,4.20%,78.0,101.5,212.8,78.25
236,Tyshawn Taylor,4.20%,74.75,97.5,177.0,78.25
237,Marquis Teague,6.30%,73.0,96.5,179.8,79.25
238,Hollis Thompson,6.00%,78.75,102.5,206.0,81.5
239,Dion Waiters,8.50%,74.5,98.0,221.0,79.25
240,Royce White,10.60%,79.0,104.5,260.6,84.0
241,Tony Wroten,5.20%,76.75,101.0,203.2,81.0
242,Tyler Zeller,6.40%,83.25,104.5,247.4,84.0
243,,,0.0,0.0,,0.0
244,Keith Benson,6.10%,82.0,109.5,217.0,87.75
245,Marshon Brooks,5.20%,76.25,101.0,194.6,85.0
246,Alec Burks,5.10%,77.0,103.5,192.6,82.0
247,Jimmy Butler,5.40%,78.0,101.5,222.2,79.5
248,Norris Cole,4.70%,72.25,95.5,174.4,74.25
249,Jon Diebler,8.50%,77.25,99.0,196.6,78.0
250,Michael Dunigan,8.00%,80.5,107.5,237.6,87.25
251,LaceDarius Dunn,5.50%,75.0,101.0,187.8,78.25
252,Kenneth Faried,6.30%,78.0,108.0,224.6,84.0
253,James Fredette,7.70%,72.75,96.5,196.0,76.5
254,Andrew Goudelock,9.90%,73.25,96.5,197.6,76.25
255,Jordan Hamilton,9.80%,78.75,104.0,228.4,81.5
256,Justin Harper,4.00%,80.0,106.0,228.0,83.75
257,Tobias Harris,8.40%,78.5,103.5,222.8,83.0
258,Tyler Honeycutt,5.30%,78.75,105.0,186.8,81.0
259,Scotty Hopson,4.80%,77.75,103.5,204.6,82.5
260,Kyrie Irving,10.20%,73.75,99.0,191.0,76.0
261,Rick Jackson,8.30%,80.25,106.5,241.8,86.0
262,Charles Jenkins,4.30%,73.5,96.5,216.4,79.5
263,JaJuan Johnson,7.50%,81.0,107.5,219.8,86.0
264,Cory Joseph,9.70%,74.0,99.0,186.2,77.5
265,Enes Kanter,5.90%,81.75,109.5,259.2,85.5
266,Brandon Knight,4.20%,73.5,98.5,176.8,78.75
267,Malcolm Lee,5.90%,76.0,101.5,198.2,81.75
268,Kawhi Leonard,5.40%,78.0,106.0,227.4,87.0
269,Travis Leslie,8.10%,75.0,103.0,205.0,82.5
270,Jon Leuer,5.40%,82.0,105.5,223.2,84.0
271,DeAndre Liggins,5.00%,77.0,103.5,202.2,83.0
272,David Lighty,6.50%,76.75,101.0,216.2,80.0
273,Shelvin Mack,7.10%,73.0,96.5,209.0,79.5
274,Demetri McCamey,6.10%,73.75,99.5,204.0,78.25
275,E'Twaun Moore,7.60%,74.5,99.5,191.4,81.5
276,Markieff Morris,10.20%,79.75,106.5,240.8,82.75
277,Marcus Morris,8.00%,79.0,105.5,229.6,82.0
278,Darius Morris,5.30%,75.25,102.0,190.0,79.5
279,Chandler Parsons,7.00%,80.75,104.5,221.2,81.5
280,Jereme Richmond,5.50%,78.0,106.5,207.2,82.25
281,Josh Selby,7.90%,73.75,98.0,194.6,77.25
282,Iman Shumpert,6.50%,76.25,99.5,221.8,81.5
283,Kyle Singler,10.00%,79.5,106.0,228.0,82.1
284,Chris Singleton,7.40%,79.75,103.5,230.2,85.0
285,Jamie Skeen,9.80%,78.5,106.5,241.6,85.25
286,Gregory Smith,7.40%,80.0,106.5,252.8,86.5
287,Nolan Smith,5.60%,73.5,99.0,187.6,77.5
288,Malcolm Thomas,5.90%,79.5,107.5,223.0,84.5
289,Isaiah Thomas,6.70%,68.75,91.5,186.0,73.75
290,Trey Thompkins,15.50%,80.5,107.5,239.0,85.0
291,Tristan Thompson,6.20%,79.5,108.5,227.4,85.25
292,Klay Thompson,8.00%,77.75,103.5,205.6,81.0
293,Jeremy Tyler,13.40%,81.0,110.5,262.4,89.0
294,Nikola Vucevic,6.10%,82.25,112.5,259.8,88.5
295,Kemba Walker,5.90%,71.5,91.5,184.0,75.5
296,Derrick Williams,10.80%,79.25,108.0,248.4,85.5
297,Jordan Williams,12.10%,79.75,106.5,247.2,84.25
298,,,0.0,0.0,,0.0
299,Rawle Alkins,8.90%,74.75,99.0,217.4,80.75
300,Grayson Allen,5.55%,75.0,97.0,198.0,79.25
301,Kostas Antetokounmpo,5.00%,81.0,110.0,194.8,86.25
302,Udoka Azubuike,7.95%,82.0,112.5,273.8,91.0
303,Mohamed Bamba,6.20%,83.25,115.5,225.6,94.0
304,Jaylen Barford,11.65%,73.25,96.5,207.6,75.5
305,Keita Bates-Diop,5.35%,79.25,106.5,223.8,87.25
306,Tyus Battle,4.00%,77.0,102.0,200.2,81.0
307,Brian Bowen,7.60%,78.25,103.5,202.0,82.25
308,Miles Bridges,5.90%,77.25,103.5,220.4,81.5
309,Bruce Brown,3.75%,75.5,98.5,194.6,81.0
310,Troy Brown,7.05%,77.75,105.0,208.0,82.25
311,Jalen Brunson,6.70%,73.0,96.0,198.4,76.0
312,Tony Carr,6.50%,75.0,100.0,198.8,80.25
313,Jevon Carter,4.15%,72.25,95.0,196.2,76.25
314,Wendell Carter,7.85%,80.75,109.0,251.4,88.5
315,Donte DiVincenzo,5.00%,75.5,97.5,200.6,78.0
316,Hamidou Diallo,4.45%,76.25,103.0,197.0,83.5
317,Trevon Duval,5.20%,73.5,97.5,191.0,80.25
318,Carsen Edwards,6.30%,70.75,94.5,195.6,78.25
319,Jacob Evans,6.50%,76.25,102.5,199.6,81.25
320,Keenan Evans,6.50%,73.5,98.0,183.2,77.25
321,Bruno Fernando,5.25%,80.75,109.0,233.2,88.25
322,Melvin Frazier,7.90%,76.5,105.0,198.2,85.75
323,Shai Gilgeous-Alexander,3.00%,76.5,104.0,180.0,83.5
324,Devonte Graham,4.80%,72.25,96.0,186.4,78.25
325,Isaac Haas,12.55%,85.25,111.5,303.0,89.0
326,Devon Hall,8.45%,76.25,102.0,206.4,79.75
327,Jaylen Hands,5.00%,73.5,98.0,179.0,77.5
328,Kevin Hervey,5.15%,78.5,107.0,211.6,87.5
329,Aaron Holiday,6.40%,71.75,97.0,187.0,79.5
330,Kevin Huerter,8.60%,78.25,101.5,194.0,79.5
331,Jaren Jackson,7.20%,81.75,110.0,236.0,89.25
332,Justin Jackson,8.90%,78.0,105.0,229.4,87.0
333,Alize Johnson,8.10%,79.25,103.0,216.6,80.75
334,George King,7.25%,76.75,101.5,218.6,83.5
335,Kevin Knox,4.95%,79.75,108.0,212.6,83.75
336,Sagaba Konate,7.35%,78.5,106.5,246.0,84.0
337,Caleb Martin,7.00%,76.75,101.5,195.8,82.0
338,Cody Martin,5.45%,76.75,102.5,188.6,82.25
339,Yante Maten,8.10%,79.25,107.5,246.2,84.5
340,Brandon McCoy,8.70%,83.5,110.5,250.4,86.0
341,DeAnthony Melton,5.20%,74.25,99.5,193.2,80.5
342,Chimezie Metu,5.05%,80.5,108.0,219.6,84.5
343,Shake Milton,6.80%,76.5,99.5,207.2,84.75
344,Sviatoslav Mykhailiuk,8.45%,78.5,100.0,211.6,76.75
345,Malik Newman,6.25%,74.5,98.5,189.2,77.5
346,Josh Okogie,5.20%,75.0,102.0,210.8,84.0
347,Theo Pinson,7.35%,77.0,103.5,211.2,82.75
348,Jontay Porter,13.85%,82.0,109.0,236.0,84.25
349,Michael Porter,6.40%,81.5,108.5,211.0,84.25
350,Billy Preston,5.45%,80.75,108.0,222.4,86.0
351,Jerome Robinson,6.05%,76.0,98.0,188.4,79.25
352,Collin Sexton,5.60%,72.5,98.5,183.0,79.25
353,Landry Shamet,4.85%,76.0,100.0,188.6,78.75
354,Anfernee Simons,7.70%,74.25,99.5,183.2,81.25
355,Zhaire Smith,6.05%,74.75,100.0,198.6,81.75
356,Ray Spalding,5.55%,81.0,109.0,215.4,88.75
357,Omari Spellman,13.75%,80.0,107.5,253.8,86.0
358,Khyri Thomas,6.40%,74.5,101.0,198.8,82.5
359,Gary Trent,7.00%,76.25,98.0,204.2,80.75
360,Allonzo Trier,4.95%,75.75,98.0,198.0,78.75
361,Moritz Wagner,6.75%,82.5,108.0,241.4,84.0
362,Lonnie Walker,5.65%,75.75,99.5,196.2,82.25
363,PJ Washington,6.85%,78.5,107.0,223.0,86.5
364,Austin Wiley,5.00%,80.25,111.0,249.4,89.0
365,Kris Wilkes,5.15%,78.5,103.5,205.0,82.25
366,Kenrich Williams,5.95%,78.0,103.5,200.4,79.25
367,Trae Young,5.35%,72.5,95.5,177.8,75.0
368,,,0.0,0.0,,0.0
369,Alex Acker,-%,75.75,102.5,183.0,84.0
370,Deji Akindele,-%,81.5,108.5,236.4,87.0
371,Mustafa Al-Sayyad,-%,0.0,0.0,-,0.0
372,Nemanja Aleksandrov,-%,82.0,110.0,220.6,83.0
373,Alan Anderson,-%,76.5,104.0,223.2,81.5
374,Martynas Andriuskevicius,-%,85.25,112.5,227.8,83.25
375,Sean Banks,-%,77.75,108.0,206.4,85.0
376,Eddie Basden,-%,76.25,101.0,210.0,82.25
377,Mike Bell,-%,80.75,104.5,206.2,85.5
378,Andrew Bogut,-%,83.0,110.5,250.6,87.0
379,Dee Brown,-%,71.0,94.0,179.0,74.0
380,Will Bynum,-%,70.5,93.0,188.8,75.5
381,Marcus Campbell,-%,82.25,114.0,280.4,90.0
382,Will Conroy,-%,73.0,96.5,188.6,75.0
383,Taylor Coppenrath,-%,79.75,106.5,252.4,83.5
384,Travis Diener,-%,71.75,93.5,165.2,71.75
385,Ike Diogu,-%,78.5,109.0,255.4,87.5
386,Daryl Dorsey,-%,71.25,94.0,160.8,71.5
387,Monta Ellis,-%,74.25,98.0,176.6,74.75
388,Raymond Felton,-%,71.5,98.0,199.4,76.25
389,Rudy Fernandez,-%,76.75,101.5,172.0,79.5
390,D'Or Fischer,-%,81.25,110.5,242.4,90.0
391,Eddy Fobbs,-%,82.25,111.5,235.2,90.75
392,Sharrod Ford,-%,79.25,106.0,212.8,85.5
393,Channing Frye,-%,81.5,110.5,243.6,86.5
394,Deng Gai,-%,79.75,110.5,214.0,88.5
395,Francisco Garcia,-%,77.75,103.0,189.6,82.75
396,John Gilchrist,-%,73.25,96.5,195.2,81.25
397,Marcin Gortat,-%,83.0,110.0,225.2,87.5
398,Joey Graham,-%,77.25,104.0,216.6,80.0
399,Danny Granger,-%,79.5,103.0,225.4,85.5
400,Gerald Green,-%,78.0,104.0,192.0,81.75
401,Charles Hayes,-%,77.5,104.5,232.4,82.0
402,Luther Head,-%,74.0,98.5,178.8,77.25
403,Julius Hodge,-%,78.0,107.5,202.2,84.5
404,Jared Homan,-%,79.75,104.5,248.2,85.25
405,Ersan Ilyasova,-%,79.75,109.5,208.8,85.25
406,Jarrett Jack,-%,74.5,100.0,197.6,79.5
407,Dwayne Jones,-%,80.5,108.5,242.2,86.75
408,Mindaugas Katelynas,-%,79.5,105.5,217.0,83.0
409,Jason Klotz,-%,80.5,107.5,249.4,82.0
410,Carl Krauser,-%,71.5,98.5,193.4,77.5
411,Keith Langford,-%,74.25,101.0,203.2,81.0
412,David Lee,-%,79.75,106.5,229.5,84.0
413,David Lucas,-%,78.5,103.5,233.4,84.0
414,John Lucas III,-%,69.25,92.0,154.4,72.0
415,Rawle Marshall,-%,76.5,104.0,186.6,85.0
416,Jason Maxiell,-%,77.0,107.0,257.6,87.25
417,Sean May,-%,79.0,105.0,258.8,85.25
418,Rashad McCants,-%,74.75,103.5,201.0,82.75
419,Ivan McFarlin,-%,77.5,105.5,228.6,81.0
420,Juan Mendez,-%,77.25,106.5,231.4,84.0
421,Aaron Miles,-%,72.0,94.0,174.6,75.5
422,Ellis Myles,-%,78.0,105.5,255.2,81.75
423,Larry O'Bannon,-%,75.0,99.5,196.0,78.0
424,Drago Pasalic,-%,81.5,108.5,238.8,83.75
425,Chris Paul,-%,71.75,93.0,178.0,76.25
426,Kevin Pittsnogle,-%,81.25,106.0,259.2,82.5
427,Roger Powell,-%,76.75,104.0,218.6,83.5
428,Carlos Powell,-%,77.25,105.0,221.8,82.75
429,Ronnie Price,-%,72.75,96.5,184.8,77.5
430,Anthony Roberson,-%,72.75,95.0,178.8,74.75
431,Brandon Rush,-%,77.0,104.5,211.4,83.25
432,Luke Schenscher,-%,83.75,111.5,241.6,89.0
433,Wayne Simien,-%,79.25,107.0,255.8,84.0
434,Tre Simmons,-%,76.0,102.5,194.2,79.5
435,David Simon,-%,80.0,108.0,258.8,87.5
436,Chris Taft,-%,80.5,109.0,261.0,85.75
437,Omar Thomas,-%,75.25,102.0,200.0,80.0
438,Chris Thomas,-%,71.75,95.0,176.2,75.0
439,Dijon Thompson,-%,78.25,105.5,195.8,81.75
440,Ronny Turiaf,-%,80.0,106.5,237.8,85.5
441,Charlie Villanueva,-%,81.0,109.0,236.6,84.25
442,Hakim Warrick,-%,79.25,108.0,215.0,86.0
443,Martell Webster,-%,78.0,106.0,229.6,83.0
444,Robert Whaley,-%,80.0,108.0,269.4,86.0
445,Marvin Williams,-%,79.0,108.0,228.2,87.5
446,Deron Williams,-%,73.75,98.0,202.4,78.25
447,Jawad Williams,-%,79.0,106.5,218.0,85.25
448,Antoine Wright,-%,77.25,104.5,202.6,80.75
449,Bracey Wright,-%,73.25,100.5,186.8,82.0
450,,,0.0,0.0,,0.0
451,Steven Adams,6.65%,82.75,109.5,254.5,88.5
452,Vander Blue,4.60%,75.5,100.5,197.4,78.0
453,Lorenzo Brown,3.95%,76.0,100.0,189.2,79.0
454,Reggie Bullock,6.95%,77.75,102.0,199.8,80.75
455,Trey Burke,6.90%,71.75,97.5,187.0,77.5
456,Kentavious Caldwell-Pope,6.45%,76.5,100.5,203.6,80.0
457,Isaiah Canaan,5.90%,71.0,94.5,188.4,76.5
458,Jackie Carmichael,5.80%,79.5,107.0,241.2,85.5
459,Michael Carter-Williams,4.40%,76.75,101.0,184.4,79.25
460,Will Clyburn,6.85%,77.75,105.0,210.4,84.25
461,Robert Covington,4.70%,78.25,106.0,208.6,85.75
462,Allen Crabbe,4.65%,77.25,103.5,197.4,83.25
463,Seth Curry,9.60%,73.0,97.5,179.2,76.0
464,Brandon Davies,8.60%,80.5,108.5,241.8,85.5
465,Dewayne Dedmon,8.35%,82.0,109.0,238.8,88.0
466,Gorgui Dieng,5.35%,81.75,111.5,229.6,87.5
467,James Ennis,4.50%,77.75,104.5,200.8,83.5
468,Carrick Felix,3.30%,76.75,103.5,202.6,81.25
469,Jamaal Franklin,8.25%,76.0,103.5,190.8,83.25
470,Rudy Gobert,4.40%,84.5,115.0,237.6,92.5
471,Archie Goodwin,4.55%,75.75,102.0,189.0,81.5
472,Erick Green,4.35%,73.5,98.0,178.2,77.75
473,Tim Hardaway Jr.,6.05%,76.5,101.0,199.4,79.0
474,Solomon Hill,7.60%,77.5,103.0,226.0,81.0
475,Richard Howell,8.75%,78.25,105.5,249.6,82.25
476,Colton Iverson,9.60%,82.5,110.0,262.8,86.0
477,Pierre Jackson,4.50%,69.5,90.0,176.0,70.0
478,Grant Jerrett,10.05%,80.75,109.0,232.0,86.0
479,Myck Kabongo,6.00%,73.25,98.0,180.4,78.25
480,Kenny Kadji,7.45%,80.75,106.5,241.6,87.0
481,Ryan Kelly,14.75%,81.75,110.0,228.0,83.5
482,Shane Larkin,3.80%,70.25,89.5,170.8,70.75
483,Ricky Ledo,10.25%,76.75,102.5,197.2,79.25
484,Alex Len,6.40%,0.0,0.0,-,87.5
485,CJ Leslie,7.95%,79.5,104.5,209.2,86.25
486,Trevor Mbakwe,5.90%,78.75,106.5,235.8,88.0
487,Ray McCallum,7.30%,72.25,96.5,191.4,75.25
488,CJ McCollum,8.60%,74.25,96.5,197.0,78.25
489,Ben McLemore,5.00%,75.5,100.5,189.2,79.75
490,Tony Mitchell,5.55%,79.5,106.5,236.4,86.5
491,Shabazz Muhammad,9.00%,76.75,104.5,221.8,83.0
492,Erik Murphy,7.95%,80.75,108.0,239.8,82.5
493,Mike Muscala,6.80%,82.25,108.0,230.2,85.0
494,Nerlens Noel,4.15%,82.0,110.0,206.4,87.75
495,Victor Oladipo,6.55%,75.25,100.5,213.2,81.25
496,Kelly Olynyk,6.65%,82.75,108.0,234.0,81.75
497,Brandon Paul,5.25%,74.75,98.0,201.0,82.25
498,Norvel Pelle,5.15%,81.5,109.0,207.2,86.5
499,Mason Plumlee,6.15%,83.25,108.0,238.2,83.0
500,Otto Porter,6.65%,79.5,105.5,197.6,85.5
501,Phil Pressey,4.70%,69.5,92.0,177.0,74.25
502,Glen Rice,8.45%,76.5,101.5,210.8,81.25
503,Andre Roberson,7.05%,78.25,104.5,205.8,83.0
504,Dennis Schroder,4.10%,73.0,98.0,164.8,79.75
505,Peyton Siva,6.05%,71.5,93.0,180.6,75.0
506,Tony Snell,4.85%,78.0,105.5,198.2,83.5
507,James Southerland,8.05%,79.0,106.0,220.6,85.0
508,Deshaun Thomas,9.10%,77.0,104.0,219.8,82.0
509,Adonis Thomas,7.50%,76.75,99.0,231.8,85.0
510,Jeff Withey,8.65%,82.75,110.5,221.8,86.0
511,Nate Wolters,5.50%,75.5,98.0,196.4,75.75
512,BJ Young,4.70%,74.25,99.0,178.8,80.25
513,Cody Zeller,4.75%,82.75,106.0,230.0,82.75
514,,,0.0,0.0,,0.0
515,Jordan Adams,10.80%,75.5,102.0,208.8,82.0
516,Kyle Anderson,13.35%,79.5,107.5,230.1,86.75
517,Thanasis Antetokounmpo,6.05%,77.25,104.5,205.2,84.0
518,Jordan Bachynski,7.45%,85.25,108.5,254.1,88.0
519,Cameron Bairstow,8.70%,80.75,107.0,252.4,84.75
520,Khem Birch,6.00%,79.5,107.0,208.8,85.0
521,Jabari Brown,6.05%,75.0,100.0,201.9,80.25
522,Markel Brown,4.20%,74.5,100.0,184.4,80.75
523,Alec Brown,7.70%,84.25,109.0,231.2,85.5
524,Deonte Burton,7.65%,72.0,97.5,192.8,79.0
525,Semaj Christon,5.25%,73.5,99.0,186.0,78.5
526,Jordan Clarkson,4.30%,75.25,98.0,186.3,80.0
527,Aaron Craft,6.10%,72.75,94.5,191.6,74.0
528,DeAndre Daniels,3.85%,79.25,106.5,196.0,86.0
529,Spencer Dinwiddie,5.35%,76.5,103.0,204.9,80.25
530,Cleanthony Early,4.45%,78.0,101.5,209.4,82.75
531,Melvin Ejim,6.45%,77.25,103.5,218.5,83.25
532,Tyler Ennis,6.20%,73.0,98.0,181.5,79.25
533,Dante Exum,6.40%,76.5,103.0,196.3,81.5
534,C.J. Fair,5.05%,78.5,104.0,218.1,81.5
535,Aaron Gordon,5.05%,79.5,105.0,220.1,83.75
536,Jerami Grant,3.75%,78.5,107.0,214.0,86.75
537,P.J. Hairston,8.20%,76.25,101.0,228.8,81.0
538,Gary Harris,4.55%,74.5,96.0,204.8,78.75
539,Joe Harris,6.20%,76.75,100.0,215.0,78.0
540,Rodney Hood,7.45%,79.25,103.0,208.2,80.5
541,Cory Jefferson,5.25%,79.75,105.0,218.4,84.5
542,Nick Johnson,6.05%,73.5,96.5,198.0,79.25
543,Sean Kilpatrick,9.20%,74.5,99.0,218.7,79.0
544,Alex Kirk,13.60%,81.25,109.5,252.0,87.5
545,Zach LaVine,4.70%,76.5,100.0,180.9,80.25
546,Devyn Marble,6.90%,77.0,102.0,192.4,81.0
547,James McAdoo,6.15%,79.5,106.5,227.6,86.25
548,K.J. McDaniels,4.45%,76.5,102.0,195.6,83.25
549,Doug McDermott,7.10%,78.25,103.0,218.0,81.25
550,Jordan McRae,5.20%,75.75,104.0,179.4,84.5
551,Shabazz Napier,7.35%,71.0,93.0,175.2,75.25
552,Johnny O?Bryant III,10.75%,79.25,105.0,256.8,86.25
553,Lamar Patterson,10.75%,76.0,101.0,226.0,83.0
554,Adreian Payne,7.55%,81.0,109.0,238.5,88.0
555,Elfrid Payton,5.65%,74.5,98.5,185.4,80.0
556,Dwight Powell,6.20%,81.5,105.0,234.4,84.5
557,Julius Randle,9.40%,79.75,105.5,249.7,84.0
558,Glenn Robinson III,5.05%,77.5,100.5,211.4,82.0
559,LaQuinton Ross,16.30%,78.5,106.0,238.7,85.75
560,Marcus Smart,10.55%,74.0,99.0,227.2,81.25
561,Russ Smith,3.50%,71.5,95.0,160.0,75.5
562,Nik Stauskas,12.05%,77.25,102.0,206.9,79.75
563,Jarnell Stokes,8.20%,79.0,103.5,262.8,85.25
564,Xavier Thames,6.40%,74.25,96.0,187.0,76.0
565,Noah Vonleh,7.30%,80.0,108.0,247.1,88.25
566,T.J. Warren,7.95%,79.0,104.0,220.2,82.25
567,C.J. Wilcox,6.50%,75.5,100.5,201.0,81.75
568,Kendall Williams,7.20%,74.25,99.0,183.0,77.5
569,James Young,5.10%,77.25,104.0,213.3,84.0
570,Patric Young,5.45%,80.5,103.5,246.8,85.75
571,,,0.0,0.0,,0.0
572,Joe Alexander,5.80%,79.25,106.0,220.0,83.5
573,Darrell Arthur,7.30%,79.5,107.0,216.0,82.75
574,D.J. Augustin,8.10%,70.0,94.5,171.5,75.5
575,Jerryd Bayless,4.70%,73.75,97.0,204.0,75.5
576,Michael Beasley,7.70%,79.0,107.0,239.0,84.25
577,Ramel Bradley,5.70%,73.25,98.0,184.0,77.0
578,Tyrone Brazelton,8.10%,70.0,94.0,166.0,73.75
579,Takais Brown,9.20%,79.25,106.0,252.0,82.0
580,Keith Brumbaugh,4.00%,79.5,104.5,190.0,79.25
581,Stanley Burrell,5.60%,73.5,97.5,201.0,78.25
582,Brian Butch,10.80%,81.5,108.0,229.6,83.25
583,Jamar Butler,6.00%,72.25,97.0,182.0,76.75
584,Pat Calathes,7.30%,80.75,106.0,204.0,81.75
585,Joe Crawford,7.60%,75.0,99.5,213.0,77.75
586,Chris Daniels,16.10%,80.25,109.0,256.0,84.5
587,Joey Dorsey,9.00%,78.25,107.0,265.0,85.75
588,Marcus Dove,5.30%,78.75,105.0,208.0,83.5
589,Josh Duncan,5.40%,80.0,104.5,230.0,83.5
590,Frank Elegar,4.50%,79.25,106.0,210.0,87.25
591,Patrick Ewing Jr.,9.40%,78.0,97.5,224.0,84.25
592,Gary Forbes,6.50%,76.5,104.5,220.5,83.25
593,Shan Foster,6.30%,76.0,103.5,194.5,83.5
594,J.R. Giddens,5.40%,76.0,103.0,208.0,83.25
595,James Gist,4.80%,79.0,107.5,220.0,88.0
596,Vladimir Golubovic,6.90%,83.25,111.5,258.0,86.5
597,Eric Gordon,8.20%,74.0,99.0,222.0,81.0
598,Kentrell Gransberry,17.40%,78.75,106.0,290.0,82.25
599,Donte Greene,7.60%,80.25,108.0,221.0,82.0
600,Malik Hairston,6.90%,76.25,103.5,204.0,81.0
601,DeVon Hardin,5.80%,81.5,109.5,235.0,87.0
602,Richard Hendrix,9.20%,78.75,108.0,250.0,87.0
603,George Hill,3.00%,73.25,97.5,181.0,81.0
604,Kyle Hines,3.60%,75.75,104.5,234.0,85.25
605,Jiri Hubalek,8.80%,81.5,109.0,226.0,82.75
606,Lester Hudson,3.40%,71.75,98.5,196.0,80.75
607,Othello Hunter,6.40%,78.5,109.5,220.0,87.0
608,Darnell Jackson,12.50%,79.0,106.5,240.5,83.25
609,Shawn James,9.20%,79.75,111.0,217.0,89.0
610,Davon Jefferson,12.00%,77.25,105.0,213.0,81.5
611,Joseph Jones,12.20%,79.0,107.0,240.0,84.25
612,DeAndre Jordan,7.50%,81.75,113.5,250.0,90.0
613,Sasha Kaun,9.60%,81.0,110.0,247.0,88.0
614,Marcelus Kemp,9.00%,75.0,103.5,221.0,80.5
615,Maarty Leunen,8.90%,79.25,102.5,222.0,80.0
616,Longar Longar,10.60%,81.0,109.5,212.5,85.25
617,Brook Lopez,6.30%,83.25,113.0,258.0,89.5
618,Kevin Love,12.90%,79.75,106.0,255.0,83.25
619,Aleks Maric,10.10%,81.75,109.5,273.0,85.0
620,O.J. Mayo,6.30%,75.25,99.5,200.0,78.0
621,James Mays,8.80%,78.75,105.0,227.0,85.75
622,Luc Mbah a Moute,7.00%,77.75,103.5,221.0,86.5
623,JaVale McGee,5.30%,83.0,114.5,241.0,90.0
624,Drew Neitzel,6.20%,71.75,95.0,175.5,74.5
625,DeMarcus Nelson,4.50%,73.0,98.5,198.0,82.0
626,David Padgett,9.00%,82.25,109.5,239.5,85.0
627,Jeremy Pargo,7.60%,72.5,96.0,208.0,77.0
628,Trent Plaisted,11.00%,81.25,105.5,240.0,82.5
629,Quan Prowell,6.50%,78.75,103.5,225.5,82.5
630,Shaun Pruitt,13.80%,80.25,107.5,242.2,85.0
631,Anthony Randolph,4.70%,81.0,109.0,197.0,87.0
632,Charles Rhodes,10.70%,79.25,107.5,244.0,83.25
633,John Riek,11.00%,82.5,0.0,237.0,92.75
634,Brian Roberts,3.60%,72.25,95.0,173.0,73.25
635,Russell Robinson,7.40%,72.5,100.5,196.0,80.0
636,Richard Roby,9.20%,76.25,104.0,203.0,81.75
637,Derrick Rose,4.60%,73.5,98.5,196.0,80.0
638,Sean Singletary,4.20%,71.0,95.0,183.8,76.5
639,Ronald Steele,8.10%,72.25,97.5,183.5,76.25
640,Bryce Taylor,8.30%,74.75,99.5,210.0,81.0
641,Mike Taylor,3.80%,72.75,98.0,166.2,79.25
642,Mark Tyndale,6.70%,74.75,103.5,217.0,83.0
643,Robert Vaden,6.20%,75.5,101.0,199.0,80.0
644,Deron Washington,7.20%,77.25,102.5,198.5,81.0
645,Sonny Weems,4.40%,76.0,104.0,193.0,82.0
646,Russell Westbrook,4.80%,74.25,100.0,192.0,79.75
647,Reggie Williams,5.30%,75.25,103.0,199.0,81.25
648,,,0.0,0.0,,0.0
649,Edrice Adebayo,5.20%,80.75,108.0,242.6,86.75
650,Rawle Alkins,11.00%,74.5,99.0,222.6,80.75
651,Jarrett Allen,7.40%,81.0,109.5,233.6,89.25
652,Kadeem Allen,6.40%,73.0,99.5,192.4,81.25
653,Ike Anigbogu,5.40%,80.5,110.5,252.2,90.25
654,OG Anunoby,6.80%,78.25,107.5,232.4,86.25
655,Jamel Artis,11.90%,77.5,105.0,213.2,82.0
656,Dwayne Bacon,7.90%,76.75,103.5,221.6,82.0
657,V.J. Beachem,6.80%,78.25,104.5,193.4,82.25
658,Jordan Bell,5.40%,79.0,104.5,223.6,83.75
659,Jaron Blossomgame,5.70%,77.75,104.5,218.6,82.0
660,Chris Boucher,5.40%,80.0,110.5,182.2,88.0
661,Tony Bradley,12.00%,81.25,112.5,248.8,89.0
662,Isaiah Briscoe,11.00%,73.25,99.5,222.4,81.0
663,Dillon Brooks,7.50%,77.0,100.5,220.2,78.0
664,Thomas Bryant,9.40%,81.5,112.5,247.8,90.0
665,John Collins,5.40%,80.25,106.5,225.2,83.25
666,Zach Collins,8.90%,82.25,111.0,232.2,85.0
667,Hamidou Diallo,5.20%,75.75,101.5,197.4,83.25
668,Tyler Dorsey,4.70%,75.0,99.5,182.6,77.25
669,Damyean Dotson,5.30%,76.5,100.0,205.2,81.0
670,PJ Dozier,6.10%,77.25,101.0,200.6,83.0
671,Jawun Evans,9.10%,70.75,95.0,185.2,77.5
672,Terrance Ferguson,5.80%,77.5,103.0,184.4,80.75
673,De?Aaron Fox,4.50%,74.0,100.0,169.6,78.5
674,Markelle Fultz,-%,0.0,0.0,-,0.0
675,Harry Giles,5.20%,81.25,109.5,232.0,87.25
676,Josh Hart,5.80%,75.75,101.0,209.2,80.25
677,Nigel Hayes,11.50%,78.25,104.5,254.2,87.25
678,Isaiah Hicks,7.70%,79.25,105.0,233.4,84.5
679,Wesley Iwundu,4.00%,77.5,105.5,193.4,85.0
680,Frank Jackson,6.70%,74.0,98.0,201.6,79.5
681,Justin Jackson (UMD),7.10%,77.75,107.0,219.4,87.25
682,Justin Jackson (UNC),8.10%,79.0,104.5,200.8,83.0
683,Peter Jok,11.00%,76.25,102.0,202.4,80.0
684,Luke Kennard,6.60%,76.5,98.5,196.2,77.25
685,Kyle Kuzma,9.40%,80.0,107.5,222.6,84.25
686,TJ Leaf,6.80%,80.75,107.0,222.2,83.0
687,Tyler Lydon,13.60%,80.25,107.5,215.0,84.0
688,Frank Mason III,4.30%,71.0,94.0,188.8,75.25
689,Kennedy Meeks,11.50%,80.75,106.0,276.6,85.0
690,Donovan Mitchell,5.90%,73.25,97.0,211.4,82.0
691,Monte Morris,6.90%,73.25,96.5,175.2,76.0
692,Johnathan Motley,-%,79.75,108.0,238.2,88.0
693,Svi Mykhailiuk,11.40%,78.5,100.0,219.6,77.0
694,Semi Ojeleye,5.50%,77.25,102.0,241.4,81.75
695,Cameron Oliver,7.70%,79.0,106.5,238.6,85.25
696,Justin Patton,7.80%,82.0,111.5,229.0,87.0
697,Alec Peters,8.80%,79.25,105.0,232.0,82.75
698,Ivan Rabb,6.80%,80.75,109.0,219.6,85.5
699,Davon Reed,6.50%,76.5,102.0,206.2,84.0
700,Devin Robinson,3.20%,79.0,106.0,189.6,84.75
701,Kobi Simmons,5.00%,75.25,99.0,166.2,78.0
702,Edmond Sumner,8.30%,76.0,102.5,176.4,81.0
703,Caleb Swanigan,-%,79.5,108.0,245.6,87.0
704,Sindarius Thornwell,7.80%,75.5,103.0,211.6,82.0
705,Melo Trimble,10.60%,73.25,95.5,195.2,74.0
706,Moritz Wagner,6.70%,82.0,108.0,231.2,84.0
707,Derrick Walton Jr.,5.80%,71.0,95.0,188.6,74.5
708,Thomas Welsh,10.90%,83.5,109.5,254.0,84.0
709,Derrick White,6.20%,75.25,101.5,189.8,79.5
710,Nigel Williams-Goss,5.60%,73.5,99.0,190.2,79.25
711,D.J. Wilson,6.40%,80.75,109.5,234.4,87.0
712,Omer Yurtseven,7.60%,82.5,108.5,248.4,85.0
713,,,0.0,0.0,,0.0
714,Kenny Adeleke,10.50%,78.5,104.0,250.0,82.25
715,Maurice Ager,8.00%,75.25,101.5,203.0,79.75
716,LaMarcus Aldridge,8.70%,82.0,110.0,234.0,88.75
717,Morris Almond,6.90%,76.75,102.5,214.0,82.0
718,Lou Amundson,6.80%,79.2,103.5,221.0,83.5
719,Rashad Anderson,17.30%,75.25,100.0,224.0,79.0
720,Hilton Armstrong,6.30%,81.5,109.0,240.0,88.0
721,James Augustine,5.50%,80.25,104.0,227.0,84.25
722,Renaldo Balkman,4.90%,77.25,104.5,206.0,85.0
723,J.P. Batista,12.00%,79.5,103.5,265.0,82.0
724,Will Blalock,7.20%,71.25,96.5,194.0,78.0
725,Brandon Bowman,8.40%,78.75,103.0,209.0,83.5
726,Ronnie Brewer,5.00%,77.75,103.5,223.0,83.25
727,Denham Brown,9.00%,76.0,102.5,218.0,81.5
728,Brad Buckman,10.50%,79.25,107.5,238.0,84.0
729,Nik Caner-Medley,9.60%,78.5,103.0,234.0,81.0
730,Rodney Carney,5.30%,76.5,103.5,204.0,82.0
731,Keydren Clark,11.60%,69.0,92.5,184.0,74.5
732,Mardy Collins,10.00%,76.25,103.0,224.0,82.0
733,Taquan Dean,3.90%,74.0,98.0,183.0,78.75
734,Terence Dials,15.80%,79.75,106.0,253.0,84.0
735,Sean Dockery,7.30%,72.75,95.5,182.0,76.5
736,Jordan Farmar,4.40%,72.75,94.5,171.0,75.0
737,Randy Foye,10.00%,74.25,97.0,212.0,78.25
738,Torin Francis,12.40%,81.0,105.5,247.0,85.0
739,Rudy Gay,5.70%,79.0,107.5,222.0,87.0
740,Nick George,6.00%,76.0,103.0,201.0,82.0
741,Taj Gray,6.80%,79.25,107.0,231.0,84.75
742,Dan Grunfeld,10.40%,76.75,99.0,216.0,78.25
743,Matt Haryasz,9.80%,81.75,107.5,219.0,84.25
744,Eric Hicks,7.10%,76.75,105.5,238.0,85.5
745,Tedric Hill,7.30%,79.75,107.0,236.0,85.0
746,Daniel Horton,8.00%,72.5,96.5,198.0,79.0
747,Solomon Jones,7.40%,80.5,109.0,224.0,88.75
748,Bobby Jones,8.00%,77.75,101.5,211.0,81.5
749,Viktor Keyru,5.50%,77.25,104.0,202.0,81.25
750,Marco Killingsworth,19.00%,77.5,104.0,266.0,87.0
751,Tarence Kinsey,4.10%,76.75,100.5,179.0,78.75
752,Carl Krauser,8.00%,71.75,97.0,190.0,78.25
753,Chris McCray,9.60%,75.0,96.5,187.0,77.75
754,Gerry McNamara,12.80%,71.75,92.5,177.0,72.75
755,Pops Mensah-Bonsu,5.80%,79.5,105.5,232.0,84.0
756,Paul Miller,13.80%,80.5,101.5,251.0,84.0
757,Paul Millsap,9.70%,78.25,105.5,258.0,85.5
758,Dwayne Mitchell,4.50%,74.0,98.5,208.0,78.5
759,Adam Morrison,6.80%,78.5,105.0,198.0,82.0
760,Yemi Nicholson,17.20%,79.75,107.0,258.0,88.25
761,David Noel,6.10%,76.5,100.0,223.0,81.5
762,Steve Novak,8.10%,80.0,103.0,216.0,81.5
763,Patrick O'Bryant,10.00%,83.0,113.0,249.0,89.75
764,Danilo Pinnock,4.60%,74.75,100.5,204.0,79.5
765,Chris Quinn,5.90%,72.5,94.0,175.0,77.0
766,Allan Ray,9.80%,73.0,99.5,204.0,80.5
767,JJ Redick,7.00%,76.0,97.5,190.0,75.25
768,Antywane Robinson,6.90%,78.25,105.5,217.0,86.5
769,Brandon Roy,7.60%,77.25,101.0,207.0,80.0
770,Blake Schilb,11.30%,77.25,102.0,209.0,80.75
771,Mouhamed Sene,6.60%,83.0,113.0,237.0,92.5
772,Cedric Simmons,5.60%,80.25,108.5,223.0,88.25
773,Marcus Slaughter,8.50%,79.0,104.5,220.0,83.5
774,Craig Smith,12.20%,77.5,103.5,259.0,81.5
775,Steven Smith,7.80%,79.5,104.0,238.0,84.5
776,Michael Southhall,7.90%,81.5,107.5,241.0,88.25
777,Frans Steyn,12.80%,85.25,109.0,280.0,86.25
778,Curtis Stinson,6.00%,73.75,97.5,208.0,77.0
779,Tyrus Thomas,5.60%,79.25,108.0,217.0,87.0
780,Joah Tucker,7.00%,75.75,99.5,224.0,78.5
781,Ian Vouyoukas,14.80%,80.5,108.5,267.0,84.75
782,Darius Washington,9.70%,71.5,96.0,195.0,76.0
783,CJ Watson,5.20%,72.5,96.0,171.0,78.0
784,Eric Williams,13.00%,79.25,106.5,285.0,88.25
785,Shelden Williams,11.40%,79.5,104.0,258.0,88.25
786,Shawne Williams,8.00%,79.25,104.0,227.0,87.0
787,Marcus Williams,12.40%,74.0,97.5,215.0,79.0
788,Justin Williams,6.50%,79.25,109.0,211.0,85.5
789,Curtis Withers,5.00%,78.0,101.0,227.0,82.0
790,,,0.0,0.0,,0.0
791,Cliff Alexander,5.80%,79.25,109.5,239.2,87.5
792,Justin Anderson,5.00%,77.25,101.0,230.6,83.75
793,Brandon Ashley,8.80%,79.25,105.0,228.0,87.75
794,Ryan Boatright,6.60%,70.0,92.5,169.6,72.5
795,Devin Booker,8.30%,76.5,102.5,205.8,80.25
796,Anthony Brown,6.10%,77.75,104.5,211.0,83.0
797,Willie Cauley-Stein,6.30%,83.25,111.0,242.4,87.0
798,Rakeem Christmas,9.60%,80.25,110.5,242.6,89.25
799,Pat Connaughton,10.20%,76.0,96.0,215.0,80.0
800,Quinn Cook,6.70%,72.25,96.5,179.0,76.0
801,Branden Dawson,5.80%,77.5,105.0,230.2,83.0
802,Sam Dekker,7.50%,79.75,106.0,218.6,83.5
803,Michael Frazier II,7.40%,75.75,101.5,199.4,80.0
804,Treveon Graham,5.50%,76.0,103.0,219.4,82.5
805,Jerian Grant,5.60%,75.25,100.0,198.0,79.5
806,Olivier Hanlan,4.30%,75.25,100.0,185.8,78.0
807,Montrezl Harrell,11.90%,79.0,109.0,253.4,88.25
808,Aaron Harrison,6.00%,76.5,100.5,209.2,80.25
809,Andrew Harrison,5.90%,76.5,100.0,213.2,81.0
810,Tyler Harvey,9.20%,74.75,98.5,181.4,77.5
811,Corey Hawkins,5.50%,72.75,99.5,191.8,80.0
812,Rondae Hollis-Jefferson,5.00%,77.5,104.0,210.8,86.0
813,Jonathan Holmes,7.20%,80.25,107.5,242.2,83.5
814,Richaun Holmes,8.80%,80.25,108.0,242.8,85.5
815,R.J. Hunter,6.00%,76.5,104.0,185.0,82.5
816,Vince Hunter,4.60%,78.75,104.5,208.4,83.0
817,Dakari Johnson,14.90%,83.0,112.0,264.6,86.0
818,Stanley Johnson,7.50%,77.0,102.0,241.8,83.5
819,Tyus Jones,6.50%,72.5,97.0,184.6,77.0
820,Frank Kaminsky,9.40%,83.75,109.5,231.2,83.0
821,Kevon Looney,11.90%,80.0,110.0,222.4,87.5
822,Trey Lyles,12.10%,81.0,108.0,241.2,85.5
823,Jarell Martin,10.10%,80.0,106.5,238.6,81.0
824,TJ McConnell,7.30%,72.5,96.5,187.8,74.0
825,Chris McCullough,6.20%,80.25,109.0,199.0,87.25
826,Jordan Mickey,7.20%,79.0,106.0,238.0,87.25
827,Larry Nance,6.40%,79.5,108.0,226.6,85.5
828,Kelly Oubre,5.70%,77.75,102.5,202.8,86.25
829,Cameron Payne,6.30%,72.75,97.5,182.8,79.25
830,Terran Petteway,4.90%,76.75,104.5,209.2,83.25
831,Bobby Portis,8.90%,81.5,108.5,246.2,86.0
832,Norman Powell,6.40%,75.0,102.5,215.4,82.75
833,Michael Qualls,4.00%,76.0,104.5,201.4,84.25
834,Chasson Randle,4.50%,72.25,96.5,178.8,79.0
835,Terry Rozier,5.60%,72.5,98.5,190.2,80.25
836,D?Angelo Russell,8.30%,75.25,102.0,193.4,81.75
837,Keifer Sykes,5.00%,70.5,93.0,167.2,74.0
838,Marcus Thornton,5.30%,73.75,97.5,177.4,79.75
839,J.P. Tokoto,4.10%,77.25,100.5,195.8,82.0
840,Myles Turner,9.30%,81.75,112.0,238.6,88.0
841,Robert Upshaw,12.50%,82.75,113.0,258.2,89.5
842,Rashad Vaughn,6.20%,75.75,101.0,198.6,79.0
843,Chris Walker,5.10%,80.75,108.0,208.0,86.75
844,Dez Wells,8.10%,75.0,100.5,208.8,81.5
845,Alan Williams,12.00%,79.25,106.5,261.4,85.75
846,Justise Winslow,5.30%,76.5,104.5,221.8,82.25
847,Christian Wood,14.70%,81.25,111.5,216.0,87.25
848,Delon Wright,6.60%,76.25,101.5,181.4,79.5
849,,,0.0,0.0,,0.0
850,Aloysius Anagonye,10.50%,78.75,106.0,257.0,86.5
851,Rick Anderson,9.90%,80.25,106.5,216.0,83.0
852,Carmelo Anthony,8.00%,78.25,105.5,233.0,84.0
853,Jerome Beasley,9.90%,81.0,107.0,237.0,84.5
854,Troy Bell,5.30%,72.25,97.5,178.0,77.0
855,LaVell Blanchard,11.70%,78.0,101.5,205.0,78.0
856,Keith Bogans,8.00%,76.25,101.0,213.0,81.25
857,Matt Bonner,13.60%,80.5,105.5,242.0,80.75
858,Chris Bosh,8.00%,82.25,109.0,225.0,87.5
859,Jermaine Boyette,7.30%,73.0,96.0,187.0,76.0
860,Souleymane Camara,9.90%,81.75,109.0,211.0,86.25
861,Matt Carroll,6.70%,77.0,98.5,207.0,78.5
862,Nick Collison,17.00%,80.75,108.0,255.0,85.5
863,Brian Cook,10.50%,81.5,109.0,234.0,86.0
864,Joel Cornette,12.90%,80.25,105.5,239.0,81.25
865,Marquis Daniels,4.00%,77.25,103.5,198.0,82.0
866,Aleksander Djuric,16.30%,82.0,108.0,253.0,84.0
867,Ruben Douglas,6.00%,75.5,100.5,193.0,79.25
868,Ronald Dupree,6.70%,78.0,101.0,209.0,80.25
869,Carl English,8.00%,76.0,98.5,201.0,77.25
870,Ebi Ere,14.10%,75.5,102.0,210.0,82.5
871,Marquis Estill,11.70%,80.5,108.0,257.0,88.0
872,T.J. Ford,6.70%,71.0,93.5,162.0,71.5
873,Jason Gardner,9.30%,69.75,92.0,194.0,73.0
874,Willie Green,8.00%,74.5,100.0,201.0,79.25
875,Justin Hamilton,8.00%,75.0,103.0,217.0,83.0
876,Travis Hansen,6.00%,76.5,100.5,200.0,78.5
877,Trevor Harvey,10.50%,81.5,109.5,245.0,85.0
878,Marcus Hatten,4.00%,72.75,98.0,163.0,78.25
879,Kirk Hinrich,5.30%,74.75,98.5,186.0,78.0
880,Jerry Holman,6.00%,80.75,109.5,232.0,87.25
881,Sam Hoskin,-%,79.25,107.5,261.0,82.75
882,Josh Howard,6.00%,77.25,105.5,202.0,86.0
883,Brandon Hunter,8.00%,78.5,105.5,266.0,86.75
884,Sani Ibrahim,9.30%,80.5,109.5,229.0,85.0
885,Michael Ignerski,10.50%,81.5,107.0,232.0,82.75
886,Robert Jackson,15.90%,79.75,107.5,254.0,84.0
887,LeBron James,6.70%,79.25,106.25,245.0,84.25
888,Britton Johnsen,7.30%,82.0,107.5,212.0,82.75
889,Dahntay Jones,2.60%,76.75,102.5,214.0,81.0
890,James Jones,6.70%,79.25,107.5,218.0,86.5
891,Chris Kaman,16.30%,83.5,110.5,252.0,83.75
892,Jason Kapono,11.70%,78.5,102.0,215.0,78.5
893,Jason Keep,8.60%,81.75,106.5,270.0,84.5
894,Bernard King,12.90%,75.75,98.5,200.0,77.5
895,Brandin Knight,10.50%,71.75,95.5,190.0,78.0
896,Kyle Korver,6.70%,78.25,102.5,211.0,81.5
897,James Lang,21.40%,80.25,110.0,316.0,90.25
898,Donald Little,7.30%,81.5,97.0,229.0,87.0
899,Chris Marcus,23.10%,84.0,114.0,334.0,92.0
900,Chris Massie,14.80%,78.5,106.5,259.0,85.0
901,Will McDonald,13.60%,81.5,109.5,258.0,87.5
902,Darko Milicic,8.00%,83.5,111.5,250.0,89.0
903,Jeff Newton,5.30%,80.0,106.0,199.0,85.0
904,Uche Nsonwu-Amadi,6.00%,79.75,106.5,246.0,87.75
905,Ugonna Okyekwe,4.30%,79.25,109.0,228.0,87.0
906,Marlon Parmer,9.30%,72.75,97.0,184.0,75.5
907,Stephane Pelle,12.40%,79.0,107.0,246.0,86.0
908,Kirk Penney,8.00%,77.0,97.0,218.0,77.25
909,Pavel Podkolzin,16.30%,87.5,116.0,303.0,89.75
910,Josh Powell,8.00%,80.0,107.5,227.0,85.0
911,Hollis Price,7.30%,71.5,94.5,165.0,76.5
912,Luke Ridnour,5.30%,73.0,95.5,167.0,75.0
913,Joe Shipp,11.70%,76.0,103.0,224.0,82.0
914,Ron Slay,16.30%,78.0,103.5,236.0,82.0
915,Tommy Smith,6.70%,81.0,107.5,200.0,86.5
916,Theron Smith,9.30%,78.5,104.5,234.0,82.25
917,Marvin Stone,17.40%,81.5,109.5,261.0,87.5
918,Michael Sweetney,14.10%,79.25,107.5,262.0,85.0
919,Sasha Vujacic,14.10%,77.5,101.0,193.0,77.5
920,Dwyane Wade,6.70%,75.75,102.0,212.0,82.75
921,Wayne Wallace,4.60%,79.25,108.0,187.0,86.0
922,Luke Walton,9.30%,79.75,104.0,235.0,80.5
923,David West,8.00%,80.25,108.25,226.0,88.25
924,Mo Williams,6.70%,72.75,98.5,189.0,77.5
925,Wesley Wilson,12.40%,82.25,110.5,257.0,87.0
926,Doug Wrenn,7.30%,77.75,100.5,220.0,91.5
927,Derrick Zimmerman,5.30%,73.0,96.25,190.0,81.0
928,,,0.0,0.0,,0.0
929,Ron Baker,7.85%,75.25,97.5,212.4,81.75
930,Wade Baldwin IV,5.20%,74.5,100.0,201.8,83.25
931,Cat Barber,4.50%,73.5,95.5,173.0,77.5
932,Malik Beasley,6.90%,75.5,100.5,189.8,79.0
933,DeAndre Bembry,7.00%,76.25,101.0,206.6,81.25
934,Ben Bentil,9.70%,79.25,105.0,229.2,85.5
935,Jaron Blossomgame,5.25%,78.25,102.0,213.6,82.0
936,Joel Bolomboy,5.15%,79.5,103.5,224.4,85.75
937,Malcolm Brogdon,5.40%,75.75,98.0,223.0,82.5
938,Jaylen Brown,5.05%,77.25,102.5,222.8,83.75
939,Marquese Chriss,8.50%,80.75,105.0,233.0,84.25
940,Elgin Cook,6.35%,77.0,100.5,209.8,82.0
941,Isaiah Cousins,4.80%,75.25,98.5,194.0,78.25
942,Deyonta Davis,9.70%,81.25,108.5,237.2,86.5
943,Cheick Diallo,5.60%,79.5,107.5,218.6,88.5
944,Kris Dunn,-%,75.0,100.0,0.0,81.5
945,Henry Ellenson,11.20%,82.0,108.0,242.0,86.25
946,Perry Ellis,4.60%,79.0,102.0,217.8,82.25
947,Kay Felder,5.80%,68.25,88.5,177.2,74.5
948,Dorian Finney-Smith,6.45%,78.5,105.5,212.6,83.75
949,Michael Gbinije,5.40%,77.5,101.0,204.6,79.5
950,Daniel Hamilton,5.95%,78.25,103.5,197.0,81.0
951,Josh Hart,5.75%,76.0,99.5,203.6,80.5
952,Nigel Hayes,10.90%,78.25,107.5,245.0,87.0
953,Buddy Hield,6.10%,75.75,101.0,212.4,81.25
954,Justin Jackson,7.60%,79.0,103.5,193.4,82.75
955,Demetrius Jackson,6.50%,72.0,93.0,193.8,77.5
956,Brice Johnson,7.50%,81.0,106.5,208.6,84.5
957,Damian Jones,6.55%,82.25,107.0,243.6,87.75
958,Skal Labissiere,5.70%,82.5,105.5,215.8,86.5
959,Jake Layman,7.10%,80.0,102.0,208.6,81.25
960,Caris LeVert,7.55%,77.75,101.0,191.0,82.0
961,Marcus Lee,5.35%,81.0,107.5,211.0,87.0
962,Thon Maker,6.05%,83.75,110.5,216.0,87.0
963,Patrick McCaw,4.70%,77.25,100.5,180.8,82.0
964,Malik Newman,5.60%,74.25,97.5,182.2,77.75
965,Georges Niang,10.05%,78.75,103.0,230.8,82.0
966,Chinanu Onuaku,8.55%,81.0,108.5,245.2,86.75
967,Marcus Paige,4.30%,72.5,97.0,163.8,78.25
968,Gary Payton II,3.95%,74.0,99.5,183.8,80.0
969,Jakob Poeltl,5.80%,84.25,111.5,239.0,86.75
970,Taurean Prince,6.45%,78.5,102.0,220.2,83.5
971,Zhou Qi,4.85%,85.25,112.5,218.2,91.75
972,Malachi Richardson,7.00%,76.75,101.5,199.6,84.0
973,Wayne Selden,7.30%,76.25,101.0,232.4,82.5
974,Pascal Siakam,5.20%,80.25,107.5,226.6,87.25
975,Diamond Stone,12.85%,81.0,108.5,254.4,86.75
976,Caleb Swanigan,12.55%,79.5,107.0,246.6,87.5
977,Melo Trimble,8.35%,73.25,92.5,191.8,74.0
978,Tyler Ulis,5.20%,68.75,88.5,149.2,74.0
979,Jarrod Uthoff,6.00%,80.5,104.0,214.4,83.5
980,Denzel Valentine,9.20%,76.0,102.0,210.4,82.75
981,Isaiah Whitehead,9.25%,75.25,100.0,210.0,80.75
982,Troy Williams,10.00%,77.75,102.0,217.8,80.25
983,Kyle Wiltjer,15.25%,80.75,102.5,242.8,84.25
984,Stephen Zimmerman,11.15%,82.25,108.5,234.0,87.25
985,,,0.0,0.0,,0.0
986,Mohamed Abukar,8.90%,80.0,103.0,210.0,81.0
987,Mario Boggan,9.20%,77.0,107.0,240.0,86.0
988,Craig Bradshaw,12.10%,80.0,106.5,240.0,85.5
989,Corey Brewer,4.20%,78.0,103.0,185.0,80.25
990,Aaron Brooks,2.70%,70.0,94.0,161.0,76.0
991,Bobby Brown,6.60%,71.0,95.5,170.0,76.0
992,Russell Carter,6.00%,75.0,97.5,221.0,80.5
993,Coleman Collins,6.20%,80.0,107.0,236.0,86.0
994,Mike Conley,4.20%,71.0,94.5,175.0,77.75
995,Daequan Cook,7.00%,75.0,101.5,203.0,80.25
996,Ryvon Covile,8.00%,79.0,107.5,250.0,85.25
997,Javaris Crittenton,4.50%,75.0,98.0,194.0,77.5
998,Jermareo Davidson,6.90%,81.0,109.5,230.0,88.0
999,Justin Doellman,7.00%,80.0,105.0,205.0,80.75
1000,Zabian Dowdell,5.10%,73.0,100.0,191.0,82.0
1001,Jared Dudley,7.10%,77.0,102.0,219.0,79.0
1002,Kevin Durant,6.60%,81.0,110.0,215.0,88.75
1003,Rashaun Freeman,11.50%,78.0,104.0,244.0,83.5
1004,Aaron Gray,10.80%,84.0,108.5,271.0,87.25
1005,Caleb Green,10.90%,78.0,103.0,238.0,83.75
1006,Jeff Green,3.70%,79.0,103.0,228.0,85.25
1007,Taurean Green,4.60%,71.0,96.0,173.0,74.25
1008,Spencer Hawes,13.00%,82.0,110.0,244.0,84.5
1009,Brandon Heath,9.00%,74.0,94.0,181.0,79.0
1010,Herbert Hill,5.60%,79.0,108.5,232.0,86.25
1011,Al Horford,9.10%,80.0,107.0,246.0,84.75
1012,Quinton Hosley,5.70%,77.0,105.0,215.0,83.25
1013,James Hughes,3.50%,81.0,111.0,209.0,87.0
1014,Jeremy Hunt,5.20%,74.0,101.5,198.0,80.25
1015,Ekene Ibekwe,3.20%,80.0,104.0,208.0,90.0
1016,Dominic James,4.80%,70.0,93.0,175.0,74.0
1017,Trey Johnson,5.40%,75.0,98.0,216.0,77.0
1018,Rashad Jones-Jennings,5.90%,78.0,105.5,235.0,84.0
1019,Jared Jordan,7.00%,72.0,94.0,183.0,72.0
1020,Coby Karl,5.40%,75.0,99.5,204.0,83.0
1021,Antanas Kavaliauskas,7.70%,81.0,106.5,237.0,82.5
1022,Carl Landry,7.50%,79.0,102.5,248.0,83.0
1023,Stephane Lasme,4.90%,77.0,107.0,213.0,86.0
1024,Acie Law,5.60%,74.0,98.0,186.0,78.5
1025,Marko Lekic,11.40%,81.0,108.5,267.0,85.0
1026,Ron Lewis,4.50%,74.0,99.0,194.0,78.5
1027,Cartier Martin,5.60%,76.0,103.5,218.0,82.0
1028,Dominic McGuire,4.70%,79.0,104.0,220.0,82.5
1029,Josh McRoberts,13.70%,80.0,106.5,240.0,85.0
1030,Sammy Mejia,8.30%,77.0,105.0,218.0,83.0
1031,Brad Newley,8.00%,77.0,102.5,201.0,80.0
1032,Demetris Nichols,6.20%,78.0,105.0,211.0,84.25
1033,Joakim Noah,4.80%,82.0,106.5,223.0,85.25
1034,Greg Oden,7.80%,83.0,112.0,257.0,88.25
1035,Ivan Radenovic,9.80%,81.0,106.0,226.0,83.75
1036,JR Reynolds,8.20%,72.0,95.0,188.0,75.25
1037,Chris Richard,7.50%,79.0,110.5,252.0,88.5
1038,Dustin Salisbery,6.60%,75.0,100.5,208.0,80.0
1039,Blake Schilb,10.00%,77.0,102.5,214.0,81.0
1040,Renaldas Seibutis,6.10%,76.0,101.0,185.0,80.75
1041,Ramon Sessions,6.20%,74.0,97.5,185.0,76.25
1042,Mustafa Shakur,4.10%,75.0,99.0,185.0,77.5
1043,Jason Smith,7.50%,82.75,106.0,233.0,82.75
1044,DJ Strawberry,4.50%,75.75,101.0,199.0,78.5
1045,Rodney Stuckey,6.10%,75.75,100.5,207.0,79.25
1046,Curtis Sumpter,5.30%,78.0,104.0,227.0,81.5
1047,Yue Sun,5.10%,79.75,105.0,212.0,81.0
1048,Jamaal Tatum,5.00%,71.5,93.5,168.0,74.5
1049,Reyshawn Terry,8.90%,78.75,103.5,222.0,82.0
1050,Al Thornton,5.80%,77.75,104.0,221.0,85.0
1051,Anthony Tolliver,5.70%,79.0,107.5,242.0,86.5
1052,Ali Traore,12.10%,80.75,108.5,249.0,88.0
1053,Kyle Visser,10.20%,82.0,108.0,242.0,83.0
1054,Darryl Watkins,6.90%,80.75,110.0,241.0,87.0
1055,Major Wingate,6.70%,80.5,109.0,242.0,88.0
1056,DaShaun Wood,5.40%,70.75,92.0,167.0,72.75
1057,Brandan Wright,5.80%,80.75,108.5,200.0,87.75
1058,Julian Wright,6.10%,78.5,108.0,211.0,86.25
1059,Avis Wyatt,3.30%,80.75,107.0,212.0,85.0
1060,Jianlian Yi,-%,0.0,0.0,-,0.0
1061,Thaddeus Young,4.90%,77.75,106.0,210.0,83.5
1062,Nick Young,6.80%,77.0,100.5,206.0,84.0
